Rk,Player,Age,PA,Rbat,Rbaser,Rdp,Rfield,Rpos,RAA,WAA,Rrep,RAR,WAR,waaWL%,162WL%,oWAR,dWAR,oRAR,Pos,Awards,Player-additional
1,Chase Meidroth,23,88,2,1,-1,3,1,7,0.7,3,10,1.0,.532,.505,0.7,0.5,7,64,,meidrch01
2,Miguel Vargas,25,176,0,0,0,2,1,4,0.4,6,10,1.0,.509,.502,0.8,0.3,8,*5/3DH,,vargami01
3,Matt Thaiss*,30,97,1,0,0,1,2,4,0.4,3,7,0.7,.512,.502,0.6,0.3,6,2/H3D,,thaisma01
4,Andrew Benintendi*,30,95,1,0,0,0,-1,0,0.0,3,3,0.4,.501,.500,0.4,-0.1,3,7/DH,,beninan01
5,Michael A. Taylor,34,96,-3,1,0,4,-1,1,0.1,3,4,0.4,.502,.500,0.0,0.3,0,*97H/8D,,taylomi02
6,Edgar Quero#,22,90,1,0,0,-1,1,1,0.1,3,4,0.4,.505,.501,0.5,0.0,5,2/DH,,queroed01
7,Mike Tauchman*,34,12,1,-1,0,1,0,1,0.1,0,2,0.2,.547,.501,0.1,0.1,1,/9,,tauchmi01
8,Lenyn Sosa,25,158,-3,0,0,-1,1,-4,-0.4,5,2,0.2,.491,.498,0.3,0.0,3,*4/3H5D,,sosale01
9,Korey Lee,26,17,1,0,0,0,0,1,0.1,1,2,0.2,.514,.501,0.2,0.0,2,/2HD,,leeko01
10,Luis Robert Jr.,27,172,-5,0,0,0,1,-4,-0.4,6,2,0.2,.491,.498,0.2,0.1,2,*8/D,,roberlu01
11,Omar Narv√°ez*,33,10,0,0,0,-1,0,-1,-0.1,0,0,0.0,.481,.500,0.1,-0.1,1,/2,,narvaom01
12,Austin Slater,32,20,0,0,0,0,0,0,-0.1,1,0,0.0,.494,.500,0.0,0.0,0,/9HD,,slateau01
13,Greg Jones#,27,2,0,0,0,0,0,0,0.0,0,0,0.0,.495,.500,0.0,0.0,0,/H9,,jonesgr02
14,Tim Elko,26,18,0,0,0,0,0,-1,-0.1,1,0,0.0,.490,.500,0.0,0.0,0,/3D,,elkoti01
15,Bobby Dalbec,30,21,-1,0,0,0,0,-1,-0.1,1,0,0.0,.491,.500,0.0,0.0,0,/36H5,,dalbebo01
16,Nick Maton*,28,63,-2,0,0,0,-2,-3,-0.3,2,-1,-0.1,.487,.498,-0.1,-0.2,-1,D/H3479,,matonni01
17,Josh Rojas*,31,37,-2,0,0,0,0,-2,-0.2,1,-1,-0.1,.478,.499,-0.1,0.0,-1,/547H,,rojasjo01
18,Gage Workman*,25,2,-1,0,0,-1,0,-1,-0.2,0,-1,-0.1,.450,.499,0.0,-0.1,0,/56H,,workmga01
19,Travis Jankowski*,34,15,-1,0,0,-1,0,-2,-0.3,1,-2,-0.2,.465,.498,-0.1,-0.1,-1,/9H8,,jankotr01
20,Joshua Palacios*,29,87,-3,-1,1,-5,-1,-9,-1.0,3,-6,-0.7,.470,.494,-0.1,-0.6,-1,9/HD7,,palacjo01
21,Brooks Baldwin#,24,138,-6,0,-1,-6,0,-13,-1.4,5,-8,-0.9,.468,.491,-0.3,-0.7,-2,*76/4H985,,baldwbr01
22,Jacob Amaya,26,68,-11,0,0,-2,1,-12,-1.3,2,-9,-1.0,.462,.492,-0.8,-0.1,-7,*6/H1,,amayaja01
23,Andrew Vaughn,27,180,-11,-1,0,-3,-3,-19,-2.0,6,-12,-1.4,.454,.487,-1.1,-0.6,-9,*3D,,vaughan01
,Team Totals,,1662,-41,0,-1,-10,-1,-52,-5.5,57,4,0.1,.489,.497,1.2,-1.1,15,,,-9999